"0","log_seq(500,5)
"
"1","[1]"
"1"," 0.000000000"
"1"," 0.001996008"
"1"," 0.067864271"
"1"," 0.177644711"
"1"," 1.000000000"
"1","
"
